{"TQA": 0.5507931421246595, "DQA": 0.9998798269508092, "RepEng": 1.0, "RolePlaying": 0.5738095238095238, "AmongUs": [0.5530827806435765, 0.48735794074793587]}