{"TQA": 0.4927896170485499, "DQA": 1.0, "RepEng": 0.9983333333333334, "RolePlaying": 0.6416666666666666, "AmongUs": [0.9082974996018474, 0.9656845526627607]}