{"TQA": 0.5425412594135556, "DQA": 0.9997596539016184, "RepEng": 1.0, "RolePlaying": 0.5238095238095238, "AmongUs": [0.8625104396954065, 0.9443710539096649]}