{"TQA": 0.5497516423650055, "DQA": 0.9996394808524275, "RepEng": 1.0, "RolePlaying": 0.5166666666666666, "AmongUs": [0.8600987418378723, 0.8159789058584951]}