{"TQA": 0.5080115366127224, "DQA": 0.9829754846979651, "RepEng": 0.976111111111111, "RolePlaying": 0.32142857142857145, "AmongUs": [0.8886319477623825, 0.9999953165760425]}