{"TQA": 0.5301233776638359, "DQA": 0.5350504726806602, "RepEng": 0.32277777777777783, "RolePlaying": 0.4273809523809524, "AmongUs": [0.901557356914763, 0.9977950461389024]}