{"TQA": 0.7940233936869091, "DQA": 0.46062329754846976, "RepEng": 0.4758333333333333, "RolePlaying": 0.4380952380952381, "AmongUs": [0.5722033898305084, 0.6526663428848956]}