{"TQA": 0.7850504726806601, "DQA": 0.6841451690434225, "RepEng": 0.7141666666666666, "AmongUs": [0.8761458831024049, 0.9376121094609847]}