{
  "local": {
    "output_token_count": 1157,
    "total_time": 32.817819356918335,
    "tokens_per_second": 35.2552370228125
  },
  "openrouter": {
    "output_token_count": 1152,
    "total_time": 10.713906288146973,
    "tokens_per_second": 107.52380775203183
  },
  "comparison": {
    "speedup_factor": 3.0498676744807223,
    "faster": "OpenRouter"
  }
}