{"TQA": 0.5153020349302997, "DQA": 0.6492549270950169, "RepEng": 0.012222222222222232, "RolePlaying": 0.8845238095238095, "AmongUs": [0.6675075648988692, 0.47286658330172027]}