{"TruthfulQADataset": {"TQA": [0.6415237942637398, 0.668001922768787, 0.675733055600064, 0.6788976125620895, 0.6845858035571224, 0.7016904342252844, 0.7146691235378946, 0.7070581637558084, 0.706897933023554, 0.7098221438871977, 0.6753324787694279, 0.6939192437109437, 0.6926373978529082, 0.7210783528280725, 0.7145890081717674, 0.7524034609838166, 0.7740746675212306, 0.7918202211184104, 0.7915798750200288, 0.7700288415318058, 0.7927816055119371, 0.7870533568338407, 0.8115286011857076, 0.8234257330556001, 0.7885755487902579, 0.7932222400256368, 0.8077631789777279, 0.7665438231052716, 0.7703092453132511, 0.7298509854190033, 0.721118410511136, 0.7424290979009776, 0.7292100624899855, 0.7308924851786573, 0.742469155584041, 0.7357795225124178, 0.7492789617048551, 0.7524835763499439, 0.755888479410351, 0.7827271270629707], "DQA": [0.6549030604069861, 0.5131389200448646, 0.29238102868130106, 0.529081877904182, 0.48285531164877427, 0.4634673930459863, 0.4256929979170005, 0.33672488383271915, 0.411512578112482, 0.471118410511136, 0.34645890081717673, 0.22736740906905945, 0.26125620894087487, 0.4196843454574588, 0.5984217272872937, 0.508972921006249, 0.46647171927575704, 0.2782406665598462, 0.5965390161833038, 0.33572344175612884, 0.2911392405063291, 0.3052395449447204, 0.1915558404101907, 0.4440394167601346, 0.48994552155103344, 0.44848581958019546, 0.5663355231533408, 0.5314853388879988, 0.568899214869412, 0.5469476045505528, 0.531044704374299, 0.568779041820221, 0.4658307963467393, 0.6808604390322064, 0.5816375580836405, 0.6474523313571544, 0.54558564332639, 0.3829113924050632, 0.6771350745072904, 0.7078993751001442], "RepEng": [0.5430555555555555, 0.606111111111111, 0.4191666666666667, 0.34750000000000003, 0.5569444444444445, 0.35416666666666663, 0.49527777777777776, 0.5702777777777777, 0.4261111111111111, 0.19194444444444445, 0.5638888888888889, 0.2286111111111111, 0.4011111111111111, 0.8272222222222223, 0.6622222222222222, 0.4375, 0.6337499999999999, 0.35, 0.31916666666666665, 0.4894444444444444, 0.3438888888888889, 0.3972222222222222, 0.49888888888888894, 0.6283333333333334, 0.29833333333333334, 0.7302777777777777, 0.305, 0.15083333333333335, 0.6069444444444444, 0.5586111111111112, 0.30888888888888894, 0.2816666666666667, 0.3063888888888889, 0.6077777777777779, 0.7191666666666666, 0.8891666666666667, 0.6780555555555555, 0.4505555555555556, 0.5152777777777777, 0.4222222222222222], "AmongUs (lying)": [0.7967837272650107, 0.5095724240109266, 0.566752320763016, 0.6031591700040898, 0.4276454383406255, 0.752374779112747, 0.6264015247972468, 0.6407080738631541, 0.5189094921715243, 0.5811823351930304, 0.8003333564830891, 0.6343881905379232, 0.14876804716376912, 0.9171315909283824, 0.8462547553456644, 0.8180583528177112, 0.8734094188639643, 0.586529928775918, 0.7716971085955043, 0.863640221928992, 0.6673920256807957, 0.8003873725798859, 0.6970545794075206, 0.7923235409866425, 0.7409850992738694, 0.3220516856880493, 0.9296864751410208, 0.8167542499093301, 0.7145712279402119, 0.9131421163506724, 0.7970075082374548, 0.8562091503267973, 0.6250974218888657, 0.6737813582733369, 0.0984481947048792, 0.5068021699037742, 0.9129492017192552, 0.24372062874736672, 0.16486484400922902, 0.12267827241089273], "AmongUs (deception)": [0.9527259604707972, 0.6242458731216227, 0.7422042712265897, 0.7088746391294691, 0.43606577096750315, 0.6804861573765637, 0.6850016655562958, 0.72485935302391, 0.5843419202013473, 0.5077679695018137, 0.7818954030646237, 0.56311995706566, 0.21265452661188836, 0.9521383892220001, 0.836433118661633, 0.8326208453623509, 0.9074228292249612, 0.7202374343030573, 0.8087710045155082, 0.9630246502331778, 0.8279943000962321, 0.8361000074024725, 0.8966429787549042, 0.822618254497002, 0.8241311347990229, 0.27502960988970315, 0.9857918794877489, 0.8714884521430157, 0.8007208157524613, 0.9538085720630691, 0.9172403582796655, 0.9199376341698129, 0.5202688948108668, 0.592817751128877, 0.01677122658968095, 0.6049485528166407, 0.9458647938411431, 0.1998898882226664, 0.08533662743356281, 0.07020319786808794]}, "DishonestQADataset": {"TQA": [0.5232334561768948, 0.5150616888319179, 0.4868610799551354, 0.5274395128985739, 0.5354109918282326, 0.5164637077391444, 0.48990546386796985, 0.5183864765261977, 0.49194840570421405, 0.4686748918442557, 0.4988984137157507, 0.48335603268706934, 0.5092533247876944, 0.5335883672488383, 0.48189392725524755, 0.5209101105592052, 0.5307042140682583, 0.5177655824387117, 0.5800552796026278, 0.5607274475244353, 0.5022232014100304, 0.5066896330716232, 0.5483095657747156, 0.5350304438391283, 0.5343294343855152, 0.5071302675853229, 0.5824387117449127, 0.5625300432622977, 0.562289697163916, 0.5569419964749238, 0.5702211184105112, 0.552916199327031, 0.5572023714148373, 0.5369732414677135, 0.5427816055119371, 0.535370934145169, 0.572704694760455, 0.6051514180419804, 0.5678977727928216, 0.6039496875500721], "DQA": [0.9926293863162954, 1.0, 0.9983576349943919, 0.9965550392565293, 0.9904662714308604, 0.9847380227527639, 0.9993190193879187, 0.995874058644448, 0.9995193078032367, 0.9999198846338728, 0.9999198846338728, 0.9999599423169363, 0.999799711584682, 1.0, 1.0, 1.0, 1.0, 1.0, 1.0, 1.0, 1.0, 1.0, 1.0, 0.9995994231693639, 0.9985178657266464, 0.9995593654863002, 0.9987982695080917, 0.9968354430379747, 0.9937109437590129, 0.9966351546226566, 0.9963146931581478, 0.9962345777920205, 0.9870213106873899, 0.9869812530043263, 0.9956337125460664, 0.9954334241307483, 0.9933504246114404, 0.9937109437590129, 0.9888239064252523, 0.9963146931581477], "RepEng": [0.9944444444444445, 1.0, 0.9827777777777778, 0.9344444444444445, 0.8727777777777778, 0.9258333333333334, 1.0, 0.9519444444444445, 0.9955555555555556, 0.9886111111111111, 1.0, 0.9997222222222222, 0.9944444444444445, 1.0, 1.0, 0.9961111111111112, 1.0, 1.0, 0.9952777777777778, 1.0, 0.9983333333333334, 0.9997222222222222, 1.0, 0.9991666666666666, 0.9941666666666666, 0.9988888888888889, 0.9991666666666666, 1.0, 0.9997222222222222, 1.0, 0.9977777777777778, 0.9936111111111111, 0.9963888888888889, 0.9944444444444445, 0.9997222222222222, 0.9991666666666666, 0.9991666666666666, 0.9947222222222223, 0.9994444444444444, 0.9933333333333334], "AmongUs (lying)": [0.4682655431318533, 0.7775308470495635, 0.6406540577663573, 0.5949718730467393, 0.8961424790301795, 0.5703945490041746, 0.7621902755592596, 0.8787415792763387, 0.9282666234537892, 0.934964619456598, 0.4728337616038152, 0.8430909553904206, 0.6467192937781172, 0.9393476398823993, 0.8381909237524211, 0.9080954695927957, 0.634843469068068, 0.6866603390667562, 0.786296887901166, 0.6342878749295862, 0.9073006613113566, 0.3849109891890641, 0.449444791690781, 0.7259377580233195, 0.3746170644566367, 0.6339251954225216, 0.5507635561111497, 0.5741525260241839, 0.6257456150504278, 0.5717835343503792, 0.6956655940613161, 0.752976672762769, 0.8727843754581722, 0.8527907030580828, 0.7862197220485991, 0.7025333549397721, 0.8124329621655824, 0.4123357331913482, 0.456490034030141, 0.5383861533594154], "AmongUs (deception)": [0.36583018728255234, 0.7398724924124658, 0.5502859204974462, 0.4892201495299431, 0.9882578281145904, 0.6592780738766748, 0.7748769338959214, 0.8577059737952476, 0.9920562217780738, 0.9642414316381671, 0.5917860315345325, 0.778134021763269, 0.4262852542749278, 0.9902102302168925, 0.8343419202013471, 0.9040639573617589, 0.43670886075949367, 0.5312893256347619, 0.6888416981271746, 0.3866080020726923, 0.9770569620253164, 0.2593178621659634, 0.23187319564734624, 0.6032922496113702, 0.1521948330742468, 0.48138740839440375, 0.27957750388629804, 0.34342845510400477, 0.35193204530313127, 0.3799133910726183, 0.539538455844252, 0.7242717817751129, 0.8563966614849359, 0.7742708564660598, 0.6817723369605447, 0.5802150418239691, 0.7882846620771338, 0.1834332667110815, 0.20651972758901474, 0.3253664223850766]},