{"AmongUsDataset": {"TQA": [0.5290217913795865, 0.5466672007691076, 0.5447043742989905, 0.54846979650697, 0.5204093895209101, 0.5353909629867009, 0.5212706297067777, 0.526518186188111, 0.5160230732254447, 0.49188831917961867, 0.521971639160391, 0.5460262778400897, 0.5157026117609358, 0.5198285531164877, 0.5184265342092613, 0.5233936869091491, 0.5229931100785131, 0.528360839609037, 0.5288014741227368, 0.5428416920365325, 0.5417401057522833, 0.5793742989905464, 0.5688591571863484, 0.554258131709662, 0.5562009293382472, 0.5683784649895851, 0.5836804999198847, 0.5743070020829995, 0.5826790578432944, 0.5635114564973561, 0.5700608876782567, 0.5860038455375741, 0.589208460182663, 0.60603268706938, 0.6131629546547028, 0.6211144047428296, 0.6134433584361481, 0.608496234577792, 0.6138038775837205, 0.5941355551994872], "DQA": [0.49479250120173046, 0.5253965710623297, 0.5328873577952251, 0.624899855792341, 0.5796346739304599, 0.45177054959141155, 0.6158468194199648, 0.3574347059766063, 0.5942957859317417, 0.6190514340650537, 0.640882871334722, 0.6202131068738984, 0.8549110719435988, 0.8803076430059285, 0.8041179298189394, 0.8587566095177056, 0.8181381188912032, 0.8023553917641403, 0.9134754045825989, 0.7482374619452011, 0.8193799070661753, 0.712465950969396, 0.7396651177695882, 0.7455135394968755, 0.6122816856273033, 0.37421887518025954, 0.38279121935587246, 0.4348261496555039, 0.44095497516423654, 0.37223601986861077, 0.48009133151738503, 0.3722961063932062, 0.4607835282807243, 0.36877103028360836, 0.43234257330556003, 0.46354750841211345, 0.4127143086043903, 0.4177215189873418, 0.43995353308764623, 0.4977167120653741], "RepEng": [0.3269444444444444, 0.5738888888888889, 0.5702777777777778, 0.7291666666666667, 0.8294444444444444, 0.895, 0.9897222222222223, 0.9461111111111111, 0.9783333333333334, 0.8577777777777778, 0.9827777777777778, 0.9775, 1.0, 0.9886111111111111, 0.996388888888889, 0.9983333333333333, 0.9863888888888889, 0.9997222222222222, 1.0, 0.9997222222222222, 1.0, 1.0, 0.9952777777777778, 0.9930555555555556, 0.9527777777777777, 0.8891666666666667, 0.9372222222222222, 0.6933333333333334, 0.7569444444444445, 0.6599999999999999, 0.7169444444444445, 0.8502777777777778, 0.7902777777777776, 0.6722222222222223, 0.675, 0.7675, 0.7905555555555557, 0.7794444444444445, 0.7661111111111112, 0.8705555555555555], "AmongUs (lying)": [0.8998957597767241, 0.9123037089343959, 0.8970711859847338, 0.8978109553112075, 0.8954235179394061, 0.8998621338982481, 0.9016779313359561, 0.8863781566293419, 0.8804600020175526, 0.895356266182454, 0.8867144154141027, 0.8801909949897442, 0.8779716870103231, 0.8766602777497561, 0.8910857796159926, 0.8660008742728403, 0.8622347758835199, 0.8598137126332425, 0.8683883116446417, 0.8717845253707254, 0.862671912303709, 0.8473048858401425, 0.8472040082047144, 0.8467668717845254, 0.847506641110999, 0.8548034567403073, 0.858233296344867, 0.8632771781162785, 0.868556441037022, 0.8712801371935841, 0.8682874340092135, 0.8703722384747301, 0.8704058643532062, 0.8696660950267325, 0.8732976899021486, 0.8728269276034836, 0.8753824943676654, 0.8757860049093783, 0.8797874844480311, 0.8771310400484212], "AmongUs (deception)": [0.9972887733082499, 0.9943746657075933, 0.997805197440012, 0.9991884763643741, 0.9995389070252126, 0.9994466884302551, 0.999852450248068, 0.999963112562017, 0.999963112562017, 1.0, 1.0, 1.0, 1.0, 1.0, 1.0, 1.0, 1.0, 1.0, 1.0, 1.0, 1.0, 1.0, 1.0, 1.0, 1.0, 1.0, 1.0, 1.0, 1.0, 0.9999815562810085, 0.999963112562017, 1.0, 1.0, 1.0, 1.0, 1.0, 1.0, 0.9999815562810085, 0.9999446688430255, 0.999963112562017]}, "TruthfulQADataset": {"TQA": [0.6444079474443198, 0.6803396891523794, 0.686788976125621, 0.6895529562570101, 0.7197965069700369, 0.7169123537894568, 0.7463547508412115, 0.7261256208940875, 0.7098221438871976, 0.7066976446082358, 0.7145890081717673, 0.7011296266623938, 0.716271430860439, 0.7313331196923571, 0.7365806761736902, 0.7512017304919083, 0.7725925332478769, 0.7910190674571385, 0.8095657747155904, 0.8168162153501042, 0.8272312129466431, 0.8299551353949687, 0.8288335202691878, 0.8223441756128825, 0.8189793302355393, 0.8199407146290658, 0.8210623297548469, 0.8118891203332799, 0.8127703893606794, 0.8076029482454734, 0.8100865245954175, 0.8021150456657586, 0.8040378144528121, 0.790538375260375, 0.7933824707578914, 0.7951450088126903, 0.8026758532286493, 0.8011937189552957, 0.7971478929658709, 0.7927816055119371], "DQA": [0.5676173690113764, 0.6976446082358596, 0.491027078993751, 0.4987181541419644, 0.4488062810447044, 0.5360919724403141, 0.4623858356032686, 0.34033007530844417, 0.4569379907066175, 0.4794504085883673, 0.4905463867969877, 0.4162393847139882, 0.37786412433904826, 0.34045024835763493, 0.40506329113924056, 0.466992469155584, 0.5919724403140523, 0.7573305560006409, 0.6354750841211345, 0.5090930940554399, 0.598702131068739, 0.6040298029161993, 0.6935587245633712, 0.6484938311168083, 0.645729850985419, 0.6279041820221118, 0.6283848742188752, 0.7058964909469636, 0.637477968274315, 0.6076750520749881, 0.6316696042300913, 0.7059766063130908, 0.6767344976766544, 0.6746915558404102, 0.6497756769748437, 0.6836644768466592, 0.6127623778240666, 0.6165678577151098, 0.5738263098862362, 0.60891684024996], "RepEng": [0.4497222222222222, 0.5805555555555556, 0.4597222222222222, 0.45666666666666667, 0.45388888888888895, 0.4180555555555555, 0.5905555555555555, 0.7619444444444444, 0.5736111111111111, 0.5458333333333334, 0.4969444444444444, 0.6211111111111112, 0.5975, 0.5311111111111111, 0.5405555555555555, 0.8536111111111111, 0.8875000000000001, 0.8586111111111111, 0.7755555555555554, 0.7597222222222223, 0.8241666666666666, 0.7808333333333334, 0.8458333333333334, 0.8844444444444445, 0.8252777777777778, 0.8438888888888888, 0.7866666666666666, 0.8061111111111111, 0.7475, 0.6769444444444445, 0.7277777777777777, 0.6030555555555556, 0.6975, 0.6716666666666666, 0.6952777777777777, 0.7202777777777777, 0.7244444444444444, 0.7115277777777778, 0.6638888888888889, 0.6622222222222223], "AmongUs (lying)": [0.8537274286290729, 0.6994855240593163, 0.6041225327011668, 0.49692323211943906, 0.4549917616597734, 0.41887756817646865, 0.6602777497562123, 0.5997847943777531, 0.44446686169676186, 0.5844177679141866, 0.6584955781969803, 0.7375500184942332, 0.7042267729244427, 0.6657251420693366, 0.6723494401291233, 0.8480110292881402, 0.7601802347086317, 0.8510373583509868, 0.8342580449914253, 0.7503614781936178, 0.860856114866001, 0.8651266014324624, 0.9148929015770538, 0.895356266182454, 0.8794512256632705, 0.8843606039207774, 0.8873533071051483, 0.9175829718551398, 0.8820404183059282, 0.8710447560442517, 0.8952890144255019, 0.9159016779313359, 0.8749453579474763, 0.8854366320320118, 0.8683546857661655, 0.821547462927469, 0.7359023504489055, 0.7244359258885638, 0.6922223343084838, 0.40441844043175634], "AmongUs (deception)": [0.9609362031760084, 0.8755048968073924, 0.7245061694240026, 0.5128644939965695, 0.39218724063520166, 0.347147678857965, 0.6295579040557739, 0.589369040373301, 0.505394787805013, 0.7930245854774156, 0.8530773345137314, 0.8874010955569082, 0.7269407403308803, 0.6600453715487191, 0.7159851712499309, 0.8951290138143456, 0.7519135358453678, 0.9066010070270568, 0.8895036795219389, 0.819399103635257, 0.9404452313764549, 0.9213928696582379, 0.999852450248068, 0.9997786753721021, 0.9998155628100851, 0.9997971190910936, 0.9994651321492466, 0.9945775466164998, 0.9897084048027445, 0.992622512403401, 0.9944299968645678, 0.9830871096847968, 0.9481915933528837, 0.9860012172854535, 0.9438573193898818, 0.8980615651339936, 0.8456629594791494, 0.8116711853778197, 0.7705048045887972, 0.39298032055183607]},