{"AmongUsDataset": {"TQA": [0.5417401057522833], "DQA": [0.8193799070661753], "RepEng": [1.0], "AmongUs (lying)": [0.862671912303709], "AmongUs (deception)": [1.0]}, "TruthfulQADataset": {"TQA": [0.8272312129466431], "DQA": [0.598702131068739], "RepEng": [0.8241666666666666], "AmongUs (lying)": [0.860856114866001], "AmongUs (deception)": [0.9404452313764549]}, "DishonestQADataset": {"TQA": [0.5872456337125461], "DQA": [1.0], "RepEng": [0.9852777777777778], "AmongUs (lying)": [0.8328457580954302], "AmongUs (deception)": [0.771722090042236]}, "RepEngDataset": {"TQA": [0.5482294504085883], "DQA": [0.9990386156064733], "RepEng": [1.0], "AmongUs (lying)": [0.9414573455731532], "AmongUs (deception)": [0.9956103948800236]}}