{"TruthfulQADataset": {"TQA": [0.4298389681140843, 0.5696803396891523, 0.5717433103669283, 0.5428216631950008, 0.48289536933183785, 0.4257731132831277, 0.44782486780964587, 0.4570381349142766, 0.4823545906104791, 0.4678537093414517, 0.4753845537574107, 0.4564572985098542, 0.4643686909149175, 0.44301794584201243, 0.44259734016984464, 0.4401738503444961, 0.4296386796987662, 0.4477647812850505, 0.4592212786412434, 0.4750440634513699, 0.47696683223842334, 0.43839128344816536, 0.5811568658868771, 0.4625861240185868, 0.5351305880467874, 0.5449046627143086, 0.5044864605031245, 0.4584201249799712, 0.45838006729690756, 0.52495593654863, 0.4844175612882551, 0.47776798589969555, 0.5198285531164877, 0.49951930780323667, 0.49487261656785775, 0.48626021470918124, 0.5000801153661272, 0.4766463707739145, 0.4807723121294664, 0.7827271270629707], "DQA": [0.5070501522191957, 0.676974843775036, 0.10302836083960905, 0.3525877263259093, 0.6071543021951611, 0.375620894087486, 0.532486780964589, 0.41131228969716394, 0.5239144367889762, 0.6381188912033328, 0.3619211664797308, 0.6009053036372376, 0.14036212145489504, 0.4078272712706298, 0.3520269187630187, 0.6277840089729211, 0.5827591732094216, 0.3760615286011857, 0.3125300432622977, 0.7511616728088447, 0.3575949367088608, 0.3644047428296748, 0.8984938311168083, 0.3154943118090049, 0.5017224803717354, 0.5407787213587565, 0.44908668482614966, 0.47917000480692196, 0.27635795545585645, 0.31128825508732577, 0.661312289697164, 0.10591251402018906, 0.49963948085242754, 0.37289697163916047, 0.5483095657747156, 0.2973481813811889, 0.7000080115366127, 0.7056160871655184, 0.5056481333119692, 0.7078993751001442], "RepEng": [0.7247222222222222, 0.20305555555555552, 0.12722222222222224, 0.3838888888888889, 0.5947222222222222, 0.7558333333333334, 0.6355555555555554, 0.6436111111111111, 0.4908333333333333, 0.4033333333333333, 0.4136111111111111, 0.46027777777777784, 0.3816666666666667, 0.6094444444444445, 0.30083333333333334, 0.5977777777777777, 0.7961111111111112, 0.835, 0.5772222222222221, 0.29361111111111116, 0.35138888888888886, 0.605, 0.29888888888888887, 0.6341666666666667, 0.3722222222222222, 0.1888888888888889, 0.3127777777777778, 0.11222222222222222, 0.006944444444444446, 0.11250000000000002, 0.7222222222222222, 0.2138888888888889, 0.5425, 0.893888888888889, 0.20361111111111113, 0.3275, 0.8766666666666666, 0.40472222222222226, 0.7416666666666666, 0.4222222222222222], "AmongUs (lying)": [0.3091418385536032, 0.28948769590480816, 0.31972899352578493, 0.4600473798334762, 0.3769706229599278, 0.6183531263745168, 0.7247031043822488, 0.7466722226080516, 0.4020186587031507, 0.19161824509418093, 0.7178970761858463, 0.47101264748323574, 0.3900579515552778, 0.4595921013033313, 0.4922564066949094, 0.30029863184943395, 0.7212692239430207, 0.529218850074465, 0.6319111666705249, 0.4888148096704246, 0.6738122246143636, 0.6440262055235317, 0.4255002276392651, 0.4463658741733608, 0.4774328464168036, 0.4250140827680935, 0.6584176370272627, 0.7772916329066063, 0.8009661164741378, 0.7104660045836516, 0.6607326126042703, 0.8913813459268005, 0.2272688689800989, 0.346729325338951, 0.3912154393437816, 0.21409665794692537, 0.3160558989435995, 0.52064572385428, 0.12799499965275368, 0.12267827241089273], "AmongUs (deception)": [0.1323700866089274, 0.19751184395588123, 0.27037067880672144, 0.37602246650381227, 0.529457213709379, 0.5991329854171293, 0.75653268191576, 0.8366551928344068, 0.5413798208601672, 0.27132837367680807, 0.7649252350284995, 0.30833148271522687, 0.5579521060034052, 0.5338292989858613, 0.606752905470427, 0.18994281590051076, 0.8707852172625656, 0.6304963357761493, 0.6301539714264565, 0.5449515138056111, 0.7185071063735287, 0.7159717595676957, 0.33720112517580875, 0.6353912206677029, 0.5175808720112517, 0.3157154489599526, 0.8308905174328226, 0.9225516322451699, 0.7910652157820712, 0.6652601969057665, 0.53276982011992, 0.9553168258198239, 0.15419350062921017, 0.3375851284328966, 0.3482863276334296, 0.2814882670812051, 0.21134984084684283, 0.3643265600710638, 0.04564549559552891, 0.07020319786808794]}, "DishonestQADataset": {"TQA": [0.525476686428457, 0.48431741708059606, 0.4631669604230091, 0.4930700208299952, 0.45765902900176253, 0.5539176414036212, 0.44349863803877587, 0.5706817817657427, 0.5503525076109598, 0.5387558083640442, 0.5068698926454094, 0.43726966832238423, 0.53238663675693, 0.5495513539496876, 0.443678897612562, 0.4352667841692037, 0.4591411632751162, 0.43612802435507125, 0.4463427335362923, 0.4573185386957219, 0.48533888799871816, 0.5181060727447525, 0.537033327992309, 0.512898573946483, 0.535370934145169, 0.5735659349463227, 0.5364124339048228, 0.5656745713827913, 0.4831357154302195, 0.5360318859157186, 0.47636596699246914, 0.40290017625380553, 0.463387277679859, 0.5396170485499119, 0.3857554879025797, 0.4439192437109437, 0.43594776478128505, 0.498237461945201, 0.5110158628424932, 0.6039496875500721], "DQA": [0.6163275116167282, 0.5681781765742671, 0.15001602307322542, 0.322504406345137, 0.36324307002083, 0.8165758692517224, 0.6089969556160872, 0.5441836244191636, 0.7038535491107196, 0.4135955776317898, 0.5465470277199167, 0.6964428777439513, 0.7256048710142605, 0.591892324947925, 0.5772312129466431, 0.521871494952732, 0.1788575548790258, 0.4295385354911072, 0.48193398493831113, 0.46382791219355873, 0.2741948405704214, 0.4764060246755328, 0.5785931741708059, 0.40053677295305234, 0.5041860278801473, 0.5276798589969557, 0.818578753404903, 0.445641724082679, 0.5151017465149815, 0.5532767184746035, 0.3195000801153661, 0.2676253805479891, 0.3194199647492389, 0.6728088447364204, 0.36961224162794426, 0.1929578593174171, 0.2614564973561929, 0.6105592052555682, 0.5658147732735139, 0.9963146931581477], "RepEng": [0.36388888888888893, 0.2025, 0.5983333333333333, 0.33388888888888885, 0.6877777777777778, 0.11777777777777777, 0.831111111111111, 0.365, 0.3588888888888889, 0.751388888888889, 0.8166666666666667, 0.4955555555555556, 0.3986111111111111, 0.14555555555555555, 0.9225000000000001, 0.6799999999999999, 0.6802777777777778, 0.7894444444444444, 0.8591666666666666, 0.8433333333333334, 0.7038888888888889, 0.35750000000000004, 0.22472222222222224, 0.31277777777777777, 0.53, 0.255, 0.30500000000000005, 0.29500000000000004, 0.25222222222222224, 0.4091666666666667, 0.4416666666666667, 0.39805555555555555, 0.355, 0.6838888888888889, 0.7180555555555556, 0.1061111111111111, 0.5561111111111111, 0.7277777777777777, 0.47833333333333333, 0.9933333333333334], "AmongUs (lying)": [0.164540747428448, 0.36501763239731155, 0.3632042348619889, 0.41037572053614835, 0.16244183623862768, 0.21030009800063276, 0.673603876812433, 0.3091186887978332, 0.361946431465148, 0.6818297566960669, 0.6270420013735521, 0.3976587880331195, 0.24377464484416356, 0.1211349553595543, 0.3874651789090292, 0.19167997777623447, 0.12581892261036648, 0.4963307637104428, 0.37778086441188047, 0.26953260643100213, 0.11957620513770245, 0.6387712109637244, 0.09653448156121953, 0.31798504525777255, 0.26042703582810534, 0.36223966170490235, 0.2787539258127494, 0.2754435107376284, 0.4867699145774012, 0.401509364076209, 0.34957674529867044, 0.8502056469970908, 0.6580318077644282, 0.7725227832179704, 0.5929809940505127, 0.867429065290028, 0.42145673696475827, 0.1391300321781605, 0.23189882013411423, 0.5383861533594154],